{"experiment_config": {"num_tokens_to_generate": 200, "compile_fn": "eager", "num_prompts": 4, "compile_for_prefill": false, "num_warmup_steps": 1, "num_tokens_to_generate_warmup": 20, "name": "decode_200t_4p_eager"}, "results": {"start_prefill": 2290551.01497625, "end_prefill": 2290551.400192291, "time_list": [2290551.748571791, 2290552.105577, 2290552.476020375, 2290552.831500208, 2290553.185495708, 2290553.54907675, 2290553.920323916, 2290554.29490925, 2290554.684734333, 2290555.041898666, 2290555.403594666, 2290555.760090666, 2290556.114889625, 2290556.474208791, 2290556.839500958, 2290557.19910375, 2290557.5647405, 2290557.917858166, 2290558.293969833, 2290558.648221458, 2290559.009705208, 2290559.355542291, 2290559.718183958, 2290560.078791208, 2290560.439226833, 2290560.824910625, 2290561.230133958, 2290561.630043958, 2290562.002017208, 2290562.361210166, 2290562.768809208, 2290563.151618083, 2290563.526848875, 2290563.894021041, 2290564.268416458, 2290564.641172083, 2290564.99599575, 2290565.351678541, 2290565.699971416, 2290566.052794291, 2290566.410372875, 2290566.762148416, 2290567.122921625, 2290567.492211916, 2290567.853399375, 2290568.215244625, 2290568.575499958, 2290568.933420333, 2290569.341252416, 2290569.717913166, 2290570.091966541, 2290570.451460291, 2290570.801098041, 2290571.158309083, 2290571.515098958, 2290571.870678875, 2290572.226757458, 2290572.588887791, 2290572.944986208, 2290573.315474583, 2290573.685863208, 2290574.03256775, 2290574.383039416, 2290574.752551875, 2290575.109341791, 2290575.480018083, 2290575.863837916, 2290576.258485, 2290576.624599458, 2290576.976921375, 2290577.341482125, 2290577.706182666, 2290578.063843333, 2290578.429439958, 2290578.786128375, 2290579.150225583, 2290579.495015166, 2290579.84288675, 2290580.197036625, 2290580.5627215, 2290580.923301166, 2290581.284285375, 2290581.651817708, 2290582.021264791, 2290582.393762458, 2290582.756048583, 2290583.128166125, 2290583.480871208, 2290583.843414125, 2290584.200921125, 2290584.565802833, 2290584.931949916, 2290585.292977375, 2290585.657540583, 2290586.028161541, 2290586.3724145, 2290586.731491708, 2290587.083437416, 2290587.455323333, 2290587.829686458, 2290588.199882041, 2290588.557323208, 2290588.92966175, 2290589.292756416, 2290589.651714083, 2290590.023418833, 2290590.382042291, 2290590.756924916, 2290591.136886375, 2290591.49166175, 2290591.852071541, 2290592.208993833, 2290592.576289791, 2290592.938640083, 2290593.29826825, 2290593.661498791, 2290594.01953225, 2290594.382354, 2290594.727887458, 2290595.073739, 2290595.428998125, 2290595.778026041, 2290596.148665708, 2290596.534559375, 2290596.905074, 2290597.275999125, 2290597.626742916, 2290597.989464833, 2290598.364257541, 2290598.736010333, 2290599.105212458, 2290599.461019666, 2290599.822514791, 2290600.186732875, 2290600.552817833, 2290600.920849416, 2290601.284214166, 2290601.64041675, 2290601.997248875, 2290602.361251458, 2290602.724961666, 2290603.089364666, 2290603.4546195, 2290603.818555041, 2290604.184502958, 2290604.550859416, 2290604.900558166, 2290605.259542875, 2290605.631442, 2290605.995102708, 2290606.363514833, 2290606.726451541, 2290607.09597675, 2290607.473957916, 2290607.827204833, 2290608.174654875, 2290608.530974375, 2290608.907478208, 2290609.310859083, 2290609.685970166, 2290610.032708041, 2290610.386854291, 2290610.741519541, 2290611.088527041, 2290611.446586458, 2290611.793110041, 2290612.163866916, 2290612.553201666, 2290612.912082583, 2290613.284786958, 2290613.632199166, 2290613.985643416, 2290614.345859125, 2290614.736190791, 2290615.094052083, 2290615.447262708, 2290615.810589416, 2290616.158248, 2290616.50668975, 2290616.877646333, 2290617.248903333, 2290617.618507875, 2290617.964019041, 2290618.31513375, 2290618.69385625, 2290619.075272958, 2290619.456429208, 2290619.838108958, 2290620.218397083, 2290620.603298416, 2290620.977655458, 2290621.343522625, 2290621.695978958, 2290622.060179458, 2290622.415478916, 2290622.793395666, 2290623.149412666, 2290623.509251916, 2290623.872817083, 2290624.236951875],