{"experiment_config": {"num_tokens_to_generate": 200, "compile_fn": "eager", "num_prompts": 8, "compile_for_prefill": false, "num_warmup_steps": 1, "num_tokens_to_generate_warmup": 20, "name": "decode_200t_8p_eager"}, "results": {"start_prefill": 2290850.614886666, "end_prefill": 2290851.029767625, "time_list": [2290851.29171125, 2290851.556382083, 2290851.809710958, 2290852.072494458, 2290852.348779333, 2290852.6118105, 2290852.87370275, 2290853.13810075, 2290853.401516333, 2290853.668120791, 2290853.931483166, 2290854.195803708, 2290854.45333675, 2290854.768469083, 2290855.027699791, 2290855.290436583, 2290855.547389041, 2290855.813577458, 2290856.072618625, 2290856.334835916, 2290856.620712625, 2290856.883146125, 2290857.14442, 2290857.402201666, 2290857.657457458, 2290857.920568041, 2290858.178316541, 2290858.430764666, 2290858.687502, 2290858.959792208, 2290859.216945958, 2290859.477570833, 2290859.734911166, 2290860.021205333, 2290860.271028375, 2290860.5317295, 2290860.810017375, 2290861.102202166, 2290861.38054875, 2290861.689465, 2290861.946513625, 2290862.214934791, 2290862.494785666, 2290862.759894333, 2290863.009892166, 2290863.285786125, 2290863.542964291, 2290863.801339791, 2290864.060595, 2290864.329418333, 2290864.584260083, 2290864.846484041, 2290865.103289708, 2290865.367119041, 2290865.628265125, 2290865.890141416, 2290866.143524125, 2290866.415229708, 2290866.675875708, 2290866.946885333, 2290867.25972775, 2290867.559187666, 2290867.835136416, 2290868.10452975, 2290868.366313708, 2290868.632261166, 2290868.91189525, 2290869.185778791, 2290869.44191075, 2290869.703148708, 2290869.960062458, 2290870.21905675, 2290870.475091833, 2290870.766720291, 2290871.049543416, 2290871.308132958, 2290871.568120708, 2290871.822019458, 2290872.085126791, 2290872.391754541, 2290872.668774375, 2290872.932792541, 2290873.196167625, 2290873.453263375, 2290873.715280708, 2290873.977969458, 2290874.243377, 2290874.497525833, 2290874.764416416, 2290875.037984333, 2290875.301430208, 2290875.556903458, 2290875.839158625, 2290876.10922875, 2290876.3797485, 2290876.639418583, 2290876.922515833, 2290877.214260541, 2290877.473102583, 2290877.738132458, 2290878.003031, 2290878.2750235, 2290878.538281208, 2290878.7962795, 2290879.060842208, 2290879.321030833, 2290879.578078208, 2290879.839870333, 2290880.114761916, 2290880.391563583, 2290880.6546475, 2290880.913011541, 2290881.170280625, 2290881.432364166, 2290881.684991291, 2290881.93838475, 2290882.195677916, 2290882.456239208, 2290882.708288791, 2290882.972030791, 2290883.230576125, 2290883.500448666, 2290883.778111375, 2290884.049161791, 2290884.320846541, 2290884.600907833, 2290884.87830125, 2290885.14843625, 2290885.427130583, 2290885.700346, 2290885.968417791, 2290886.225373625, 2290886.495663, 2290886.83457425, 2290887.102386125, 2290887.360353625, 2290887.631297875, 2290887.905273666, 2290888.198039375, 2290888.466878666, 2290888.767453, 2290889.029342666, 2290889.293043083, 2290889.566237708, 2290889.853530125, 2290890.135563541, 2290890.416914833, 2290890.692414833, 2290890.996337958, 2290891.272285208, 2290891.541906791, 2290891.813453166, 2290892.08651525, 2290892.368684208, 2290892.648237458, 2290892.910380291, 2290893.172271375, 2290893.449590583, 2290893.706600291, 2290893.97159, 2290894.228375625, 2290894.483926166, 2290894.742617166, 2290895.021641291, 2290895.307519333, 2290895.562820791, 2290895.838883083, 2290896.135747416, 2290896.43010875, 2290896.706893916, 2290896.981083041, 2290897.260906166, 2290897.52211625, 2290897.778558, 2290898.036536916, 2290898.306759875, 2290898.56267575, 2290898.832835625, 2290899.108106833, 2290899.381262208, 2290899.652209, 2290899.913290958, 2290900.1683695, 2290900.434164583, 2290900.710068458, 2290900.982870166, 2290901.237423708, 2290901.512554666, 2290901.778295791, 2290902.047079666, 2290902.308353708, 2290902.572764125, 2290902.831596333, 2290903.10020725, 2290903.369406041, 2290903.647006625, 2290903.928950166, 2290904.198557625, 2290904.458166208, 2290904.71552775],