{"experiment_config": {"num_tokens_to_generate": 200, "compile_fn": "compile_model_fn", "num_prompts": 1, "compile_for_prefill": false, "num_warmup_steps": 1, "num_tokens_to_generate_warmup": 20, "name": "decode_200t_1p_compile_model_fn"}, "results": {"start_prefill": 2290136.775349875, "end_prefill": 2290137.083302958, "time_list": [2290144.967627, 2290145.152127458, 2290145.328382458, 2290145.508696583, 2290145.685251708, 2290145.862114666, 2290146.044788833, 2290146.221594541, 2290146.397932541, 2290146.595304041, 2290146.772041291, 2290146.948148875, 2290147.143173041, 2290147.318716666, 2290147.495210458, 2290147.671074541, 2290147.846343416, 2290148.021801375, 2290148.198015416, 2290148.373963958, 2290148.552002166, 2290148.727731041, 2290148.905520083, 2290149.081698875, 2290149.261160708, 2290149.437870916, 2290149.61276275, 2290149.787616833, 2290149.963343166, 2290150.13969525, 2290150.316686458, 2290150.494287583, 2290150.671266958, 2290150.847161375, 2290151.0229355, 2290151.198284166, 2290151.378032833, 2290151.553696416, 2290151.729023291, 2290151.907129166, 2290152.083833291, 2290152.261785708, 2290152.439249666, 2290152.615799666, 2290152.792016083, 2290152.972096041, 2290153.172761583, 2290153.347959791, 2290153.526161791, 2290153.705006333, 2290153.881281125, 2290154.056861041, 2290154.2320255, 2290154.412253, 2290154.588737083, 2290154.772093875, 2290154.949542041, 2290155.12847975, 2290155.302750208, 2290155.480527458, 2290155.675142666, 2290155.858547875, 2290156.037604666, 2290156.215162041, 2290156.400264083, 2290156.577002666, 2290156.754446083, 2290156.932281625, 2290157.108820291, 2290157.288350958, 2290157.46392125, 2290157.640410875, 2290157.817480541, 2290157.993998791, 2290158.169624916, 2290158.346396625, 2290158.523458458, 2290158.699003541, 2290158.876041791, 2290159.052421083, 2290159.23157425, 2290159.41053775, 2290159.585800916, 2290159.760832041, 2290159.966153708, 2290160.14142175, 2290160.316699541, 2290160.491298166, 2290160.6655305, 2290160.839500291, 2290161.016181291, 2290161.1911675, 2290161.366408541, 2290161.542041916, 2290161.717158666, 2290161.892140458, 2290162.06893325, 2290162.244851291, 2290162.420215458, 2290162.597311708, 2290162.772747333, 2290162.948658125, 2290163.125181833, 2290163.300756083, 2290163.4778945, 2290163.66189325, 2290163.838885791, 2290164.015205375, 2290164.193837458, 2290164.369461875, 2290164.545584458, 2290164.720970625, 2290164.899117416, 2290165.099164458, 2290165.289406916, 2290165.46476525, 2290165.640086541, 2290165.814464791, 2290165.99062775, 2290166.165635833, 2290166.354170791, 2290166.53912225, 2290166.714867125, 2290166.891469458, 2290167.068773416, 2290167.244060916, 2290167.419657333, 2290167.594626958, 2290167.77218775, 2290167.950109583, 2290168.131974291, 2290168.307908, 2290168.49829025, 2290168.673579125, 2290168.848327041, 2290169.02528525, 2290169.20252075, 2290169.3818555, 2290169.562245041, 2290169.738316541, 2290169.913752125, 2290170.088947666, 2290170.264263333, 2290170.439214083, 2290170.626302458, 2290170.81597875, 2290170.996999333, 2290171.180979, 2290171.360244208, 2290171.535077208, 2290171.7281075, 2290171.908306208, 2290172.083678625, 2290172.260093208, 2290172.436906375, 2290172.614583416, 2290172.792634, 2290172.969481916, 2290173.145300208, 2290173.321129166, 2290173.4964495, 2290173.670821708, 2290173.847149791, 2290174.023414166, 2290174.199653458, 2290174.374642041, 2290174.552180166, 2290174.728582041, 2290174.914854541, 2290175.100303458, 2290175.276419458, 2290175.452056875, 2290175.629372958, 2290175.812083166, 2290175.991673958, 2290176.169101166, 2290176.346207, 2290176.523826166, 2290176.700387875, 2290176.877523958, 2290177.054796291, 2290177.230771083, 2290177.40947475, 2290177.583660416, 2290177.757876416, 2290177.935368041, 2290178.111952541, 2290178.287511041, 2290178.464585541, 2290178.644930166, 2290178.821344041, 2290178.998170541, 2290179.174491958, 2290179.350625291, 2290179.52581175, 2290179.701870416, 2290179.878435, 2290180.057106291, 2290180.234185458, 2290180.411467041],