{"experiment_config": {"num_tokens_to_generate": 200, "compile_fn": "compile_model_fn", "num_prompts": 4, "compile_for_prefill": false, "num_warmup_steps": 1, "num_tokens_to_generate_warmup": 20, "name": "decode_200t_4p_compile_model_fn"}, "results": {"start_prefill": 2290643.046791583, "end_prefill": 2290643.39238425, "time_list": [2290651.579505458, 2290651.950296458, 2290652.331865875, 2290652.7334045, 2290653.193677541, 2290653.568240791, 2290653.969058833, 2290654.351136416, 2290654.706039041, 2290655.07384875, 2290655.445866125, 2290655.840406916, 2290656.232531708, 2290656.643790541, 2290657.108390583, 2290657.530535458, 2290657.905934083, 2290658.260339458, 2290658.61753975, 2290658.975000416, 2290659.318073666, 2290659.674013958, 2290660.114691708, 2290660.459592125, 2290660.859058208, 2290661.238456833, 2290661.579542041, 2290661.957006291, 2290662.317046708, 2290662.6721605, 2290663.0559375, 2290663.421364875, 2290663.778177041, 2290664.163082125, 2290664.51945425, 2290664.901188166, 2290665.28018325, 2290665.63425575, 2290666.01208525, 2290666.410002291, 2290666.762138458, 2290667.119360083, 2290667.499890666, 2290667.8617355, 2290668.215864166, 2290668.599271541, 2290668.975502083, 2290669.428953083, 2290669.875119083, 2290670.291564666, 2290670.737727375, 2290671.113719916, 2290671.516318291, 2290671.868671041, 2290672.250959041, 2290672.654253916, 2290673.016126041, 2290673.372473416, 2290673.778857416, 2290674.171905, 2290674.6051535, 2290674.986394083, 2290675.341320291, 2290675.701520958, 2290676.088835875, 2290676.445855083, 2290676.873896625, 2290677.223812708, 2290677.575156125, 2290677.973772291, 2290678.338072375, 2290678.674483833, 2290679.052003, 2290679.400983583, 2290679.740235916, 2290680.14096025, 2290680.49611625, 2290680.862474083, 2290681.257978375, 2290681.617103125, 2290681.977561583, 2290682.341348708, 2290682.717445, 2290683.049314666, 2290683.418572291, 2290683.774820125, 2290684.1228015, 2290684.534589166, 2290684.89511025, 2290685.251937708, 2290685.617978416, 2290686.010574291, 2290686.444263958, 2290686.825396541, 2290687.194275833, 2290687.572315666, 2290687.929411625, 2290688.284300083, 2290688.692710083, 2290689.038278083, 2290689.397559166, 2290689.764970458, 2290690.12136425, 2290690.464798, 2290690.817057708, 2290691.185905541, 2290691.546782916, 2290691.919805375, 2290692.271739166, 2290692.627205291, 2290693.029515791, 2290693.386042041, 2290693.744960541, 2290694.139392125, 2290694.496781625, 2290694.872305291, 2290695.2638145, 2290695.6340705, 2290696.085072541, 2290696.452202208, 2290696.802981666, 2290697.175459083, 2290697.532956291, 2290697.900352666, 2290698.303649208, 2290698.667523083, 2290699.032392, 2290699.399924333, 2290699.750809875, 2290700.103487916, 2290700.483162375, 2290700.8377705, 2290701.199595291, 2290701.567190375, 2290701.910666666, 2290702.26496175, 2290702.642354041, 2290702.992812583, 2290703.341815208, 2290703.709114916, 2290704.055939875, 2290704.413576458, 2290704.822457708, 2290705.189655791, 2290705.542899333, 2290705.910590625, 2290706.258662875, 2290706.650942208, 2290707.019791166, 2290707.371895458, 2290707.718127583, 2290708.071053416, 2290708.423595833, 2290708.882512458, 2290709.25670625, 2290709.616466458, 2290710.009341375, 2290710.364021208, 2290710.732284583, 2290711.144789833, 2290711.503520916, 2290711.853136083, 2290712.237576708, 2290712.585594375, 2290712.938907916, 2290713.32225275, 2290713.672736291, 2290714.031439666, 2290714.389625041, 2290714.746983458, 2290715.096543291, 2290715.46203375, 2290715.816500791, 2290716.177066541, 2290716.558835208, 2290716.924261333, 2290717.286595416, 2290717.654325833, 2290718.011093708, 2290718.369484708, 2290718.917685125, 2290719.310761541, 2290719.698324291, 2290720.043463333, 2290720.439043041, 2290720.840234875, 2290721.241678458, 2290721.64479925, 2290722.023010791, 2290722.423941291, 2290722.825444041, 2290723.209067166, 2290723.615532416, 2290724.007950291, 2290724.409745583, 2290724.780911916, 2290725.193034708, 2290725.566218458, 2290726.046910333, 2290726.416737],