{"experiment_config": {"num_tokens_to_generate": 200, "compile_fn": "eager", "num_prompts": 1, "compile_for_prefill": false, "num_warmup_steps": 1, "num_tokens_to_generate_warmup": 20, "name": "decode_200t_1p_eager"}, "results": {"start_prefill": 2290081.301751208, "end_prefill": 2290081.594114666, "time_list": [2290081.776666375, 2290081.958883083, 2290082.142911166, 2290082.333350666, 2290082.519965083, 2290082.7040035, 2290082.888010916, 2290083.069824875, 2290083.253539541, 2290083.447230458, 2290083.630853291, 2290083.812472958, 2290083.99457675, 2290084.1758985, 2290084.357659916, 2290084.539139666, 2290084.722829208, 2290084.904335208, 2290085.088218583, 2290085.273501791, 2290085.45665675, 2290085.642962833, 2290085.82663325, 2290086.010495708, 2290086.196436625, 2290086.383660666, 2290086.5683005, 2290086.752570791, 2290086.936564458, 2290087.12695775, 2290087.311395, 2290087.495751833, 2290087.6819755, 2290087.865782791, 2290088.05219525, 2290088.237418375, 2290088.419191291, 2290088.600810166, 2290088.783662875, 2290088.967196666, 2290089.148815916, 2290089.333264125, 2290089.514692291, 2290089.697283666, 2290089.883300916, 2290090.06516775, 2290090.246642708, 2290090.42884925, 2290090.611060291, 2290090.79846925, 2290090.979924083, 2290091.161410583, 2290091.350671791, 2290091.536032375, 2290091.720177291, 2290091.907313666, 2290092.092040583, 2290092.273951458, 2290092.457265416, 2290092.640356666, 2290092.823617458, 2290093.007902833, 2290093.193078375, 2290093.377219041, 2290093.560809666, 2290093.744816708, 2290093.931412583, 2290094.114302458, 2290094.305075166, 2290094.490271458, 2290094.678006291, 2290094.861953916, 2290095.045602458, 2290095.227299208, 2290095.410471333, 2290095.596160291, 2290095.815743833, 2290096.003533875, 2290096.201248791, 2290096.386154291, 2290096.567672291, 2290096.752773958, 2290096.938486833, 2290097.123644916, 2290097.305140083, 2290097.492151583, 2290097.677423458, 2290097.869631791, 2290098.054506625, 2290098.237008041, 2290098.41816525, 2290098.599633958, 2290098.781733041, 2290098.96290425, 2290099.143789333, 2290099.326240958, 2290099.508267916, 2290099.689600541, 2290099.873174083, 2290100.057125083, 2290100.238518041, 2290100.420173791, 2290100.601866333, 2290100.782940958, 2290100.968481208, 2290101.149446458, 2290101.342460166, 2290101.611486375, 2290101.801088583, 2290101.999491208, 2290102.215064666, 2290102.441824125, 2290102.673609875, 2290102.879833791, 2290103.080151375, 2290103.308406083, 2290103.50484825, 2290103.702032833, 2290103.898851083, 2290104.08801225, 2290104.348160041, 2290104.551541458, 2290104.737324958, 2290104.924966, 2290105.107112208, 2290105.291296583, 2290105.476169375, 2290105.662542083, 2290105.845671541, 2290106.029553708, 2290106.214025333, 2290106.398806875, 2290106.593781375, 2290106.779501541, 2290106.966758458, 2290107.151124875, 2290107.344499833, 2290107.528073208, 2290107.712431125, 2290107.896717416, 2290108.079763958, 2290108.264158333, 2290108.447527875, 2290108.629991125, 2290108.817014791, 2290109.003451875, 2290109.186285333, 2290109.368299833, 2290109.55310225, 2290109.737976375, 2290109.924106625, 2290110.10843175, 2290110.292599583, 2290110.47651725, 2290110.667587166, 2290110.853212666, 2290111.036221708, 2290111.220518625, 2290111.422289458, 2290111.612918458, 2290111.815477833, 2290112.01078275, 2290112.203144583, 2290112.394998583, 2290112.590841416, 2290112.784227583, 2290112.978282291, 2290113.200602583, 2290113.400518333, 2290113.608326291, 2290113.800604041, 2290113.993235541, 2290114.191410541, 2290114.379215833, 2290114.56594175, 2290114.748947041, 2290114.968527791, 2290115.170279791, 2290115.376487916, 2290115.572577666, 2290115.757465291, 2290115.980065416, 2290116.167461, 2290116.358725, 2290116.543725083, 2290116.730171333, 2290116.921550541, 2290117.103346333, 2290117.285436291, 2290117.468082791, 2290117.659584833, 2290117.854668541, 2290118.055377916, 2290118.2504255, 2290118.440671, 2290118.630684291, 2290118.820570541, 2290119.0023065, 2290119.183925958, 2290119.365538166],