{"experiment_config": {"num_tokens_to_generate": 200, "compile_fn": "eager", "num_prompts": 2, "compile_for_prefill": false, "num_warmup_steps": 1, "num_tokens_to_generate_warmup": 20, "name": "decode_200t_2p_eager"}, "results": {"start_prefill": 2290263.834782166, "end_prefill": 2290264.150167041, "time_list": [2290264.512080375, 2290264.872923583, 2290265.250500166, 2290265.619809, 2290265.949446333, 2290266.297543375, 2290266.645444458, 2290267.01320925, 2290267.36635675, 2290267.747506, 2290268.107618166, 2290268.467743125, 2290268.845483, 2290269.191397, 2290269.529760166, 2290269.908428125, 2290270.285754708, 2290270.650320708, 2290271.022373208, 2290271.398890166, 2290271.757481666, 2290272.108518166, 2290272.44681625, 2290272.799303708, 2290273.172257791, 2290273.508855458, 2290273.86036175, 2290274.231917125, 2290274.594611583, 2290274.9746515, 2290275.327521, 2290275.6725015, 2290276.002622916, 2290276.382566583, 2290276.753655583, 2290277.119185541, 2290277.502196, 2290277.870151083, 2290278.245206708, 2290278.581827791, 2290278.9533065, 2290279.333611541, 2290279.670296291, 2290280.014989708, 2290280.377233375, 2290280.70684825, 2290281.0467515, 2290281.425691708, 2290281.754544, 2290282.107802208, 2290282.467939166, 2290282.822675583, 2290283.184486166, 2290283.578421166, 2290283.968792666, 2290284.349439625, 2290284.737220125, 2290285.121896833, 2290285.486016083, 2290285.859563333, 2290286.206871583, 2290286.613015791, 2290286.985963708, 2290287.343624708, 2290287.713448041, 2290288.065873708, 2290288.43080925, 2290288.812164041, 2290289.160527833, 2290289.523735583, 2290289.900087083, 2290290.270036583, 2290290.6044045, 2290291.0117205, 2290291.415333708, 2290291.782128208, 2290292.166162083, 2290292.552828166, 2290292.931303625, 2290293.320159666, 2290293.709713583, 2290294.071641166, 2290294.4270975, 2290294.792907333, 2290295.160328, 2290295.52975375, 2290295.916144583, 2290296.278568541, 2290296.623427583, 2290296.991869625, 2290297.364465416, 2290297.746579125, 2290298.093205208, 2290298.422665041, 2290298.774337416, 2290299.130674583, 2290299.4760355, 2290299.847916333, 2290300.182512, 2290300.573249791, 2290301.004318583, 2290301.370059083, 2290301.730353041, 2290302.061462375, 2290302.404719083, 2290302.780392041, 2290303.154850083, 2290303.5149225, 2290303.852857083, 2290304.19462175, 2290304.543543916, 2290304.91931975, 2290305.255801875, 2290305.627278541, 2290305.998393291, 2290306.355669333, 2290306.728340791, 2290307.110594375, 2290307.476730541, 2290307.84321, 2290308.211964875, 2290308.592375583, 2290308.98429825, 2290309.341853791, 2290309.713919875, 2290310.07844675, 2290310.459393958, 2290310.816837541, 2290311.175718625, 2290311.535579916, 2290311.927042375, 2290312.316011791, 2290312.709771166, 2290313.0806885, 2290313.484139958, 2290313.876600208, 2290314.235400083, 2290314.590484125, 2290314.947349708, 2290315.328233541, 2290315.710244625, 2290316.075251125, 2290316.429046083, 2290316.805298208, 2290317.164818875, 2290317.529768625, 2290317.886413583, 2290318.257355666, 2290318.636810791, 2290319.010685416, 2290319.379429625, 2290319.765399583, 2290320.122711708, 2290320.471891833, 2290320.8426185, 2290321.214822958, 2290321.56958625, 2290321.919332333, 2290322.263302333, 2290322.657794875, 2290323.035872666, 2290323.38675875, 2290323.723508833, 2290324.060710333, 2290324.402695625, 2290324.764703166, 2290325.10184375, 2290325.464104666, 2290325.835652666, 2290326.213131958, 2290326.57506725, 2290326.939788208, 2290327.320745166, 2290327.690090708, 2290328.048153916, 2290328.422632625, 2290328.753489083, 2290329.096571416, 2290329.439656083, 2290329.782190208, 2290330.148518291, 2290330.48678925, 2290330.843486666, 2290331.213400416, 2290331.588394166, 2290331.959517125, 2290332.302822625, 2290332.658835791, 2290333.008359416, 2290333.347394791, 2290333.694895125, 2290334.049621375, 2290334.408535041, 2290334.753358333, 2290335.092283666, 2290335.452695583, 2290335.8371635, 2290336.226876416, 2290336.578690166, 2290336.91367275],