{"experiment_config": {"num_tokens_to_generate": 200, "compile_fn": "compile_model_fn", "num_prompts": 8, "compile_for_prefill": false, "num_warmup_steps": 1, "num_tokens_to_generate_warmup": 20, "name": "decode_200t_8p_compile_model_fn"}, "results": {"start_prefill": 2290920.894625958, "end_prefill": 2290921.325582583, "time_list": [2290928.969135166, 2290929.210251416, 2290929.450970458, 2290929.736530708, 2290929.980907125, 2290930.225844291, 2290930.474898125, 2290930.72189725, 2290930.958936958, 2290931.201563708, 2290931.442632875, 2290931.684501125, 2290931.930985625, 2290932.203471875, 2290932.459703958, 2290932.707739625, 2290932.9984195, 2290933.280769458, 2290933.561253375, 2290933.814101125, 2290934.075325875, 2290934.324847833, 2290934.614806416, 2290934.870207875, 2290935.117710166, 2290935.353257208, 2290935.607199583, 2290935.894493791, 2290936.162474166, 2290936.4530235, 2290936.701224958, 2290936.962244583, 2290937.214384375, 2290937.461677666, 2290937.704033666, 2290937.946213083, 2290938.189587083, 2290938.433641291, 2290938.687174, 2290938.953685083, 2290939.207422375, 2290939.456343416, 2290939.70055575, 2290939.966427041, 2290940.233072791, 2290940.484084666, 2290940.733249208, 2290940.976790125, 2290941.2216015, 2290941.475537291, 2290941.722838, 2290941.980917416, 2290942.269316708, 2290942.5095245, 2290942.759169166, 2290943.013918625, 2290943.260163666, 2290943.523596416, 2290943.781768208, 2290944.028155958, 2290944.336896458, 2290944.589518625, 2290944.839360041, 2290945.105706875, 2290945.358273875, 2290945.609504208, 2290945.863800708, 2290946.127559375, 2290946.383583458, 2290946.652502458, 2290946.911423291, 2290947.1660805, 2290947.43033425, 2290947.676415416, 2290947.926621333, 2290948.178918625, 2290948.437707666, 2290948.688618875, 2290948.936253083, 2290949.193828333, 2290949.452670125, 2290949.704078083, 2290949.958856333, 2290950.208163583, 2290950.457555916, 2290950.731745291, 2290951.014400583, 2290951.298239125, 2290951.553642791, 2290951.797044791, 2290952.0470505, 2290952.3035335, 2290952.578401083, 2290952.837981125, 2290953.087386541, 2290953.351637291, 2290953.630536166, 2290953.889241791, 2290954.147773875, 2290954.436812083, 2290954.72403975, 2290954.983579666, 2290955.243992208, 2290955.514479291, 2290955.780064041, 2290956.035181208, 2290956.333060875, 2290956.587036833, 2290956.863787708, 2290957.133671333, 2290957.400834208, 2290957.654423625, 2290957.923104666, 2290958.209020625, 2290958.458544541, 2290958.700000458, 2290958.950096375, 2290959.202836708, 2290959.447827375, 2290959.695582625, 2290959.950891166, 2290960.206244583, 2290960.45366975, 2290960.709555791, 2290960.960148333, 2290961.21054275, 2290961.4503475, 2290961.694324041, 2290961.935233291, 2290962.191600958, 2290962.44199025, 2290962.703112583, 2290962.951766583, 2290963.204424291, 2290963.4460455, 2290963.69037125, 2290963.949408583, 2290964.217752541, 2290964.46891325, 2290964.707268291, 2290964.9622595, 2290965.2029155, 2290965.45261175, 2290965.692869708, 2290965.950665375, 2290966.195175458, 2290966.457428458, 2290966.760797083, 2290967.003089416, 2290967.254047916, 2290967.506817916, 2290967.77571025, 2290968.027554541, 2290968.282906583, 2290968.537326583, 2290968.821071625, 2290969.07548275, 2290969.326511791, 2290969.582285166, 2290969.823932916, 2290970.119884666, 2290970.370198625, 2290970.610385625, 2290970.860427666, 2290971.099406458, 2290971.338407791, 2290971.580012583, 2290971.827791041, 2290972.097188166, 2290972.334333541, 2290972.581412291, 2290972.827456125, 2290973.089998541, 2290973.328858291, 2290973.570949666, 2290973.814052541, 2290974.073472583, 2290974.315226291, 2290974.589268458, 2290974.827719666, 2290975.077891416, 2290975.314998208, 2290975.55734925, 2290975.799443833, 2290976.037980875, 2290976.283030083, 2290976.534917583, 2290976.781602458, 2290977.03536225, 2290977.2863755, 2290977.533220541, 2290977.798634541, 2290978.038019333, 2290978.286968375, 2290978.533443458, 2290978.771561583, 2290979.0140395, 2290979.261582916, 2290979.502475083, 2290979.747892625],