{"experiment_config": {"num_tokens_to_generate": 200, "compile_fn": "compile_model_fn", "num_prompts": 2, "compile_for_prefill": false, "num_warmup_steps": 1, "num_tokens_to_generate_warmup": 20, "name": "decode_200t_2p_compile_model_fn"}, "results": {"start_prefill": 2290354.006707958, "end_prefill": 2290354.310533541, "time_list": [2290362.07454325, 2290362.400622958, 2290362.72332575, 2290363.052519, 2290363.383912458, 2290363.708769333, 2290364.062909208, 2290364.396589708, 2290364.7525335, 2290365.0866585, 2290365.44674725, 2290365.782764916, 2290366.127063125, 2290366.505385916, 2290366.832175875, 2290367.166495583, 2290367.489544666, 2290367.831447416, 2290368.191209208, 2290368.523125583, 2290368.840723583, 2290369.1928815, 2290369.530356958, 2290369.865551208, 2290370.211744958, 2290370.550554166, 2290370.880812416, 2290371.217613833, 2290371.551706458, 2290371.879068708, 2290372.206651833, 2290372.547817625, 2290372.875549833, 2290373.202370458, 2290373.538493833, 2290373.8597625, 2290374.192622, 2290374.523737333, 2290374.869394708, 2290375.208755833, 2290375.533861708, 2290375.858988666, 2290376.185995041, 2290376.515913041, 2290376.841904416, 2290377.177913, 2290377.544841416, 2290377.915861791, 2290378.262905083, 2290378.592999875, 2290378.929562583, 2290379.269828041, 2290379.616767875, 2290379.944821458, 2290380.276057333, 2290380.606316083, 2290380.947616208, 2290381.283919833, 2290381.61104975, 2290381.9389425, 2290382.266600708, 2290382.590895916, 2290382.917887458, 2290383.241177916, 2290383.566451, 2290383.939414208, 2290384.271226083, 2290384.599938625, 2290384.937025208, 2290385.273264458, 2290385.604953208, 2290385.935170083, 2290386.253405541, 2290386.588158125, 2290386.912606416, 2290387.237361666, 2290387.577465208, 2290387.905347958, 2290388.244389541, 2290388.589278083, 2290388.921750416, 2290389.248258583, 2290389.578051333, 2290389.906985666, 2290390.233083958, 2290390.572252583, 2290390.901439166, 2290391.240059375, 2290391.556899375, 2290391.885360375, 2290392.216180416, 2290392.550936625, 2290392.876702541, 2290393.235522083, 2290393.563944458, 2290393.897334, 2290394.236870583, 2290394.580718666, 2290394.89733775, 2290395.218727375, 2290395.55000725, 2290395.909291875, 2290396.250934708, 2290396.594804375, 2290396.925386875, 2290397.271510916, 2290397.601318708, 2290397.929975833, 2290398.253256125, 2290398.581117666, 2290398.915030791, 2290399.260002875, 2290399.592061291, 2290399.9243645, 2290400.263637166, 2290400.617765916, 2290400.948924083, 2290401.269773208, 2290401.615490208, 2290401.94478575, 2290402.270751541, 2290402.62604975, 2290402.997776041, 2290403.360538458, 2290403.715726041, 2290404.051786041, 2290404.382936333, 2290404.721097625, 2290405.05775175, 2290405.440405333, 2290405.867620375, 2290406.226520041, 2290406.579107333, 2290406.913209958, 2290407.239119375, 2290407.56786125, 2290407.905743291, 2290408.233079833, 2290408.572964125, 2290408.930738208, 2290409.2666305, 2290409.600781875, 2290409.958110291, 2290410.292491958, 2290410.633589916, 2290410.964800291, 2290411.300839083, 2290411.644710125, 2290411.982160041, 2290412.323765833, 2290412.659711625, 2290412.991655875, 2290413.328909666, 2290413.660984583, 2290413.992066375, 2290414.32463125, 2290414.656679625, 2290414.986655416, 2290415.312771625, 2290415.678632125, 2290416.03055775, 2290416.357688291, 2290416.692538958, 2290417.020908208, 2290417.353663083, 2290417.703770333, 2290418.033672208, 2290418.363529291, 2290418.703997166, 2290419.030749333, 2290419.355160208, 2290419.688851416, 2290420.014557833, 2290420.345127666, 2290420.688376041, 2290421.015106791, 2290421.344041166, 2290421.66390175, 2290421.995081583, 2290422.323310625, 2290422.657113791, 2290422.982182583, 2290423.316859083, 2290423.646705583, 2290423.97265725, 2290424.344221166, 2290424.685798583, 2290425.020842166, 2290425.363767125, 2290425.709355708, 2290426.041224583, 2290426.370286833, 2290426.710290875, 2290427.08720275, 2290427.451383208, 2290427.824229041, 2290428.198158, 2290428.568603333, 2290428.944977916, 2290429.276827708],