{"experiment_config": {"num_tokens_to_generate": 200, "compile_fn": "compile_model_fn", "num_prompts": 8, "compile_for_prefill": true, "num_warmup_steps": 1, "num_tokens_to_generate_warmup": 20, "name": "prefill+decode_200t_8p_compile_model_fn"}, "results": {"start_prefill": 2291005.270818208, "end_prefill": 2291013.815526125, "time_list": [2291021.48222225, 2291021.731055291, 2291021.984217791, 2291022.246596541, 2291022.496706916, 2291022.742677291, 2291022.992371208, 2291023.242055666, 2291023.492513583, 2291023.739655541, 2291023.986971208, 2291024.235840208, 2291024.487618333, 2291024.728532541, 2291024.989385541, 2291025.235486125, 2291025.510566666, 2291025.759035166, 2291026.033218875, 2291026.285964708, 2291026.569251958, 2291026.888597583, 2291027.153484541, 2291027.402944166, 2291027.657907458, 2291027.907854, 2291028.15942775, 2291028.407739041, 2291028.651405, 2291028.901358291, 2291029.152438458, 2291029.397949916, 2291029.646770291, 2291029.931536125, 2291030.1765025, 2291030.424835083, 2291030.668403333, 2291030.96356825, 2291031.212915333, 2291031.468100875, 2291031.723615083, 2291031.973985916, 2291032.231556958, 2291032.479001875, 2291032.720465625, 2291032.964247375, 2291033.2107395, 2291033.450314708, 2291033.696497125, 2291033.94176, 2291034.189657458, 2291034.442087125, 2291034.710530708, 2291034.961417791, 2291035.210005833, 2291035.456453208, 2291035.70818225, 2291035.955339208, 2291036.290313125, 2291036.551154333, 2291036.805899875, 2291037.051843666, 2291037.314795083, 2291037.556989416, 2291037.807342416, 2291038.053665458, 2291038.304956666, 2291038.549473791, 2291038.797140166, 2291039.041867, 2291039.290032458, 2291039.5376645, 2291039.784176208, 2291040.030899916, 2291040.276086208, 2291040.520655541, 2291040.782968875, 2291041.03392775, 2291041.28767625, 2291041.536703791, 2291041.782491791, 2291042.029858625, 2291042.283669291, 2291042.528346458, 2291042.783990375, 2291043.030839791, 2291043.278491958, 2291043.528547083, 2291043.777355916, 2291044.020437375, 2291044.276721208, 2291044.522689708, 2291044.772700958, 2291045.020969333, 2291045.263121625, 2291045.508144458, 2291045.758606458, 2291046.069834625, 2291046.320142, 2291046.56626775, 2291046.810428958, 2291047.052896375, 2291047.29729, 2291047.538974166, 2291047.780397541, 2291048.028218666, 2291048.275157208, 2291048.533283833, 2291048.784350416, 2291049.031469291, 2291049.275867458, 2291049.519740375, 2291049.764657375, 2291050.009966708, 2291050.260030791, 2291050.501431, 2291050.743130166, 2291050.988212, 2291051.235884083, 2291051.479395041, 2291051.724601083, 2291051.972541, 2291052.223627791, 2291052.467532375, 2291052.710847458, 2291052.953852833, 2291053.196372791, 2291053.439743458, 2291053.685203208, 2291053.940357375, 2291054.191174708, 2291054.44083425, 2291054.688190833, 2291054.944853208, 2291055.185492041, 2291055.436278375, 2291055.700358083, 2291055.949502958, 2291056.199822375, 2291056.479215583, 2291056.722982416, 2291056.96865125, 2291057.219436083, 2291057.463521583, 2291057.709603291, 2291057.95963275, 2291058.210438, 2291058.458776458, 2291058.717126208, 2291058.971881291, 2291059.226117833, 2291059.470386583, 2291059.721877333, 2291059.965558708, 2291060.2128245, 2291060.460879875, 2291060.711084, 2291060.9566415, 2291061.209786, 2291061.455593416, 2291061.700621958, 2291061.956443291, 2291062.202800416, 2291062.447259583, 2291062.691785208, 2291062.964651833, 2291063.207202583, 2291063.452163208, 2291063.700109375, 2291063.94719875, 2291064.194140916, 2291064.4442555, 2291064.689020875, 2291064.93638025, 2291065.18603025, 2291065.446136083, 2291065.6959035, 2291065.961224458, 2291066.240253333, 2291066.491895, 2291066.7532135, 2291067.004179166, 2291067.257383208, 2291067.500833291, 2291067.753349458, 2291068.002363625, 2291068.247812166, 2291068.497498041, 2291068.747412708, 2291069.00033525, 2291069.256356833, 2291069.499431166, 2291069.740155125, 2291069.992160666, 2291070.237807916, 2291070.479859291, 2291070.748818208, 2291070.9953975, 2291071.2582, 2291071.516613208],