{"experiment_config": {"num_tokens_to_generate": 200, "compile_fn": "compile_model_fn", "num_prompts": 2, "compile_for_prefill": true, "num_warmup_steps": 1, "num_tokens_to_generate_warmup": 20, "name": "prefill+decode_200t_2p_compile_model_fn"}, "results": {"start_prefill": 2290455.534927958, "end_prefill": 2290464.04542525, "time_list": [2290472.319497916, 2290472.675030958, 2290473.022945166, 2290473.348669916, 2290473.677507625, 2290474.029182583, 2290474.362039416, 2290474.725801375, 2290475.07723375, 2290475.431563875, 2290475.760146208, 2290476.099467916, 2290476.453500541, 2290476.797635666, 2290477.143052458, 2290477.465101125, 2290477.786473166, 2290478.114821125, 2290478.457741916, 2290478.79010375, 2290479.117798291, 2290479.435906625, 2290479.773847, 2290480.121342333, 2290480.4697995, 2290480.800655208, 2290481.13994075, 2290481.481059958, 2290481.828683458, 2290482.16277075, 2290482.49207475, 2290482.83444525, 2290483.175889375, 2290483.51391075, 2290483.840263083, 2290484.167031041, 2290484.503348333, 2290484.832469208, 2290485.168914208, 2290485.5203705, 2290485.868252458, 2290486.223880041, 2290486.616681041, 2290486.952019041, 2290487.279423625, 2290487.621776416, 2290487.956239666, 2290488.284015166, 2290488.631144375, 2290488.996232208, 2290489.393923875, 2290489.874603625, 2290490.246339166, 2290490.630738041, 2290491.065756208, 2290491.408561833, 2290491.797532791, 2290492.147729291, 2290492.492078333, 2290492.835531916, 2290493.22780025, 2290493.564853625, 2290493.9189395, 2290494.239991958, 2290494.584098833, 2290494.913366416, 2290495.268790916, 2290495.601355458, 2290495.937679708, 2290496.272230041, 2290496.623801666, 2290497.008664166, 2290497.352708958, 2290497.72640825, 2290498.0725415, 2290498.424661625, 2290498.767079083, 2290499.124179375, 2290499.455859833, 2290499.783791958, 2290500.1255595, 2290500.463950541, 2290500.853184833, 2290501.25702725, 2290501.592908125, 2290501.939342875, 2290502.27379925, 2290502.624215833, 2290502.959827708, 2290503.2870895, 2290503.617637708, 2290503.965247708, 2290504.295575708, 2290504.613938708, 2290504.946331375, 2290505.277367458, 2290505.622140541, 2290505.947314208, 2290506.282676416, 2290506.635647166, 2290506.968688083, 2290507.317155541, 2290507.647571958, 2290507.976273416, 2290508.318367458, 2290508.645917958, 2290508.971304625, 2290509.305088833, 2290509.6616505, 2290509.995607, 2290510.330230458, 2290510.65535325, 2290510.984903041, 2290511.314457791, 2290511.647146375, 2290511.98173625, 2290512.315252375, 2290512.645612958, 2290512.972539708, 2290513.300436541, 2290513.628524833, 2290513.957490041, 2290514.284029875, 2290514.621519375, 2290514.94527, 2290515.276402208, 2290515.607175958, 2290515.98016825, 2290516.314746625, 2290516.675044541, 2290517.033693791, 2290517.364644083, 2290517.710945958, 2290518.046410625, 2290518.369681833, 2290518.698325416, 2290519.053457416, 2290519.400970791, 2290519.777144916, 2290520.109406416, 2290520.44577925, 2290520.807005416, 2290521.133974208, 2290521.463064083, 2290521.791328541, 2290522.125696666, 2290522.487675375, 2290522.826271333, 2290523.162228125, 2290523.500945375, 2290523.831309125, 2290524.178488833, 2290524.507469625, 2290524.834081041, 2290525.161533875, 2290525.491720083, 2290525.821592041, 2290526.151690041, 2290526.485817625, 2290526.815391166, 2290527.167961416, 2290527.531580791, 2290527.876934833, 2290528.202078583, 2290528.533535, 2290528.858817083, 2290529.184789291, 2290529.520276666, 2290529.845420708, 2290530.170199333, 2290530.513620875, 2290530.862340375, 2290531.24241875, 2290531.732948708, 2290532.070452291, 2290532.422953333, 2290532.762134416, 2290533.096575708, 2290533.422471, 2290533.759947416, 2290534.116198583, 2290534.446156958, 2290534.776025791, 2290535.100223083, 2290535.43895775, 2290535.782394583, 2290536.132391875, 2290536.457109, 2290536.784265333, 2290537.1083155, 2290537.439812958, 2290537.785863458, 2290538.130617708, 2290538.458390625, 2290538.804037166, 2290539.144857291, 2290539.474524083, 2290539.808724916, 2290540.138924958, 2290540.487328458],