{"experiment_config": {"num_tokens_to_generate": 200, "compile_fn": "compile_model_fn", "num_prompts": 1, "compile_for_prefill": true, "num_warmup_steps": 1, "num_tokens_to_generate_warmup": 20, "name": "prefill+decode_200t_1p_compile_model_fn"}, "results": {"start_prefill": 2290202.420359541, "end_prefill": 2290210.976357916, "time_list": [2290218.381669791, 2290218.559581916, 2290218.73436175, 2290218.910078041, 2290219.085908916, 2290219.265580916, 2290219.4460675, 2290219.623818166, 2290219.80090575, 2290219.98048075, 2290220.161190916, 2290220.342392625, 2290220.519373375, 2290220.698779583, 2290220.882468041, 2290221.06126975, 2290221.237758333, 2290221.414175208, 2290221.591834, 2290221.770137833, 2290221.945971416, 2290222.122976041, 2290222.298993666, 2290222.479619666, 2290222.657131, 2290222.837636375, 2290223.015791416, 2290223.192592083, 2290223.370253, 2290223.547420666, 2290223.7266095, 2290223.902488083, 2290224.079671458, 2290224.258079458, 2290224.43584825, 2290224.62618775, 2290224.802990208, 2290224.983068916, 2290225.162884375, 2290225.346086, 2290225.523513666, 2290225.711658291, 2290225.891627666, 2290226.068842291, 2290226.243169125, 2290226.419890416, 2290226.606297625, 2290226.798633083, 2290226.974448958, 2290227.149439416, 2290227.325592333, 2290227.501385458, 2290227.676075125, 2290227.853911791, 2290228.0335605, 2290228.21333825, 2290228.388287916, 2290228.5654265, 2290228.742054625, 2290228.91943425, 2290229.093866375, 2290229.268783916, 2290229.447333125, 2290229.629533125, 2290229.805201375, 2290229.984038, 2290230.16171925, 2290230.340813333, 2290230.518447625, 2290230.71041175, 2290230.902533416, 2290231.108621583, 2290231.299592166, 2290231.477268083, 2290231.65431725, 2290231.83356925, 2290232.008410541, 2290232.185673666, 2290232.365443666, 2290232.551188708, 2290232.730019958, 2290232.906731416, 2290233.0900305, 2290233.268027083, 2290233.446816083, 2290233.622248833, 2290233.800285083, 2290233.981593041, 2290234.174624333, 2290234.363920916, 2290234.541650625, 2290234.734827833, 2290234.913491291, 2290235.092453875, 2290235.266970958, 2290235.443376041, 2290235.6188585, 2290235.796167458, 2290235.971321375, 2290236.146814833, 2290236.326995166, 2290236.504315083, 2290236.679507166, 2290236.853877541, 2290237.030624208, 2290237.208655125, 2290237.389105625, 2290237.567604, 2290237.746140416, 2290237.922064208, 2290238.099284208, 2290238.275174041, 2290238.4608395, 2290238.655477, 2290238.829959458, 2290239.00491775, 2290239.179828541, 2290239.359259, 2290239.539977083, 2290239.718291291, 2290239.894045125, 2290240.07084475, 2290240.247541166, 2290240.423575333, 2290240.604979375, 2290240.781339, 2290240.956646541, 2290241.131773291, 2290241.3077845, 2290241.488240458, 2290241.664232958, 2290241.86396025, 2290242.043272916, 2290242.218032916, 2290242.394283583, 2290242.571539166, 2290242.751186791, 2290242.927498041, 2290243.10399525, 2290243.287618208, 2290243.463203416, 2290243.638917125, 2290243.820115083, 2290243.998283458, 2290244.17380375, 2290244.348121416, 2290244.523874333, 2290244.699282125, 2290244.875970708, 2290245.051676458, 2290245.226945, 2290245.430070625, 2290245.625867708, 2290245.826920416, 2290246.032226625, 2290246.210282458, 2290246.397790208, 2290246.588176625, 2290246.767923208, 2290246.948458333, 2290247.127186041, 2290247.304200791, 2290247.4815315, 2290247.658771541, 2290247.836061375, 2290248.012687541, 2290248.189126708, 2290248.367712083, 2290248.54527775, 2290248.722208916, 2290248.901285416, 2290249.083161208, 2290249.260624458, 2290249.43691475, 2290249.615301291, 2290249.790837541, 2290249.969947958, 2290250.150122125, 2290250.332537208, 2290250.509128458, 2290250.686470958, 2290250.869618583, 2290251.045557208, 2290251.231372041, 2290251.411333958, 2290251.587963, 2290251.772644541, 2290251.95348975, 2290252.129943875, 2290252.312709041, 2290252.488950791, 2290252.665703958, 2290252.843932666, 2290253.023032458, 2290253.201322125, 2290253.383911458, 2290253.564440541, 2290253.740555708, 2290253.919457875, 2290254.097990541],