{"experiment_config": {"num_tokens_to_generate": 200, "compile_fn": "compile_model_fn", "num_prompts": 4, "compile_for_prefill": true, "num_warmup_steps": 1, "num_tokens_to_generate_warmup": 20, "name": "prefill+decode_200t_4p_compile_model_fn"}, "results": {"start_prefill": 2290753.803241458, "end_prefill": 2290762.194063208, "time_list": [2290769.916187416, 2290770.276121, 2290770.630735083, 2290770.998600916, 2290771.405399083, 2290771.7791915, 2290772.114271583, 2290772.497748583, 2290772.862851208, 2290773.222145, 2290773.583914, 2290773.938692125, 2290774.272073, 2290774.629255583, 2290774.980497791, 2290775.335230375, 2290775.666462166, 2290776.014023625, 2290776.358000333, 2290776.731687625, 2290777.085696583, 2290777.459939875, 2290777.839168416, 2290778.223873541, 2290778.617268958, 2290778.96840425, 2290779.334926208, 2290779.680421125, 2290780.03264425, 2290780.401561333, 2290780.750498875, 2290781.112824625, 2290781.488919291, 2290781.877058416, 2290782.275050083, 2290782.638295, 2290782.977506708, 2290783.312258416, 2290783.67089625, 2290784.037554541, 2290784.3780365, 2290784.7202555, 2290785.059889708, 2290785.409815625, 2290785.7711045, 2290786.138011791, 2290786.505085166, 2290786.871717625, 2290787.2407255, 2290787.639066458, 2290787.984604333, 2290788.34018675, 2290788.688349791, 2290789.082238458, 2290789.441884416, 2290789.79691925, 2290790.188343666, 2290790.525988958, 2290790.863195708, 2290791.241160416, 2290791.601635333, 2290791.965687291, 2290792.31404925, 2290792.666658083, 2290793.022113708, 2290793.365458916, 2290793.724733958, 2290794.076642875, 2290794.42758175, 2290794.776188333, 2290795.135478708, 2290795.492453625, 2290795.846654458, 2290796.199857708, 2290796.543235166, 2290796.886851375, 2290797.252670416, 2290797.592629083, 2290797.954174, 2290798.301979583, 2290798.647870625, 2290799.0009165, 2290799.350360291, 2290799.703290541, 2290800.056313625, 2290800.407640458, 2290800.79420275, 2290801.1631835, 2290801.551469916, 2290801.937194833, 2290802.302701541, 2290802.668738333, 2290803.05031725, 2290803.382345291, 2290803.776190458, 2290804.137583416, 2290804.48247825, 2290804.815097083, 2290805.169239958, 2290805.512696958, 2290805.866571083, 2290806.205566708, 2290806.596918833, 2290806.951525833, 2290807.303524916, 2290807.668450958, 2290808.031361166, 2290808.438544375, 2290808.809487958, 2290809.162210125, 2290809.528737333, 2290809.864622333, 2290810.217220208, 2290810.583705416, 2290810.952604833, 2290811.308194833, 2290811.64359725, 2290812.031051666, 2290812.398263833, 2290812.751935, 2290813.100913833, 2290813.455937, 2290813.789006875, 2290814.126745125, 2290814.476128875, 2290814.829182666, 2290815.1705655, 2290815.503615166, 2290815.885901, 2290816.290398416, 2290816.674052083, 2290817.069219041, 2290817.444422916, 2290817.797535166, 2290818.159400583, 2290818.507822, 2290818.871303916, 2290819.261059625, 2290819.648461, 2290820.043286083, 2290820.390906375, 2290820.773032541, 2290821.131722125, 2290821.488314625, 2290821.821663833, 2290822.177761833, 2290822.53271575, 2290822.86516125, 2290823.198293458, 2290823.531458666, 2290823.863545041, 2290824.200156916, 2290824.571652875, 2290824.922863791, 2290825.269579333, 2290825.615764208, 2290825.969582291, 2290826.333552791, 2290826.7152395, 2290827.084143916, 2290827.47721425, 2290827.85000975, 2290828.231657875, 2290828.590072208, 2290828.941499833, 2290829.296287791, 2290829.644131041, 2290829.991116666, 2290830.332970833, 2290830.682689041, 2290831.0458575, 2290831.459504166, 2290831.840858458, 2290832.215850541, 2290832.580258791, 2290832.93287575, 2290833.290120125, 2290833.653327458, 2290833.987411541, 2290834.374443375, 2290834.757189166, 2290835.120573166, 2290835.466001291, 2290835.7993795, 2290836.17115375, 2290836.519333708, 2290836.866591625, 2290837.217498375, 2290837.574221833, 2290837.917259791, 2290838.265878375, 2290838.620108625, 2290838.987631291, 2290839.334771125, 2290839.686272375, 2290840.034789625, 2290840.367935625, 2290840.704524958, 2290841.064562833, 2290841.425619125],